the,838
a,342
and,321
of,311
to,277
in,269
armstrong,265
he,212
was,187
on,176
his,137
s,110
for,108
with,98
that,86
as,86
at,81
it,65
from,62
first,53
by,53
had,52
after,52
an,49
apollo,48
they,48
were,45
landing,43
space,42
flight,41
is,40
moon,39
nasa,37
mission,37
gemini,37
not,36
lunar,35
but,32
two,31
crew,31
when,30
be,30
would,30
aldrin,29
their,26
him,25
pilot,25
time,25
said,25
one,25
this,23
which,23
flew,21
american,20
have,20
left,20
during,20
air,20
its,19
are,19
made,19
later,19
about,18
aircraft,18
neil,18
did,18
also,18
there,17
over,17
years,17
president,17
only,17
while,17
who,16
flying,16
august,16
astronauts,16
man,15
before,15
medal,15
purdue,15
collins,15
out,15
became,15
then,15
u,15
lm,14
down,14
university,14
module,14
surface,14
astronaut,14
group,14
naval,14
second,14
three,14
up,14
research,14
scott,13
engineering,13
white,13
navy,13
dark,13
took,13
service,13
training,13
into,13
off,13
united,13
other,12
national,12
test,12
september,12
announced,12
right,12
part,12
has,12
including,12
them,12
board,12
suit,12
than,12
hair,12
back,12
ohio,12
edwards,12
lovell,12
control,11
walk,11
km,11
may,11
july,11
states,11
launch,11
or,11
backup,11
see,11
ground,11
feet,11
march,11
spacecraft,11
june,11
force,11
engine,11
many,10
fly,10
i,10
cincinnati,10
small,10
received,10
commander,10
eagle,10
most,10
civilian,10
people,10
all,10
began,10
could,10
january,10
we,10
several,10
station,10
slayton,10
early,9
base,9
flag,9
m,9
command,9
if,9
commission,9
day,9
she,9
orbit,9
world,9
served,9
found,9
program,8
college,8
without,8
life,8
no,8
wearing,8
fire,8
low,8
named,8
caused,8
new,8
what,8
even,8
plane,8
called,8
north,8
her,8
being,8
honor,8
november,8
earth,8
buzz,8
uss,7
report,7
asked,7
aerospace,7
missions,7
michael,7
pilots,7
where,7
turned,7
area,7
smiling,7
again,7
photo,7
wrote,7
seconds,7
planned,7
between,7
step,7
degree,7
tour,7
april,7
been,7
attended,7
human,7
become,7
system,7
some,7
released,6
press,6
scout,6
member,6
because,6
family,6
moved,6
cernan,6
vehicle,6
light,6
yeager,6
docking,6
next,6
problem,6
person,6
company,6
joined,6
nixon,6
boy,6
project,6
october,6
february,6
until,6
year,6
final,6
seven,6
state,6
analysis,6
badge,6
along,6
held,6
returned,6
hours,6
around,6
book,6
military,6
essex,6
successful,6
eva,6
spaceflight,6
center,6
descent,6
launched,5
making,5
good,5
decided,5
naca,5
landed,5
knew,5
flights,5
due,5
short,5
abort,5
hit,5
these,5
each,5
described,5
fuel,5
hall,5
open,5
carrier,5
minutes,5
award,5
south,5
spoke,5
just,5
according,5
plan,5
last,5
memorial,5
gave,5
llrv,5
anniversary,5
own,5
california,5
george,5
aviator,5
conference,5
use,5
under,5
half,5
standing,5
boeing,5
told,5
hatch,5
completed,5
conrad,5
considered,5
committee,5
ceremony,5
teaching,5
aviation,5
you,5
wears,5
war,5
janet,5
article,5
rendezvous,5
father,5
former,5
wife,5
more,5
meeting,5
series,5
although,5
position,5
wapakoneta,5
computer,5
work,5
nellis,5
gordon,5
ford,5
donated,5
selected,5
land,5
spokesman,5
gold,5
aeronautical,4
presidential,4
bachelor,4
touch,4
image,4
difficulty,4
radar,4
disaster,4
giant,4
piloting,4
kept,4
outside,4
office,4
houston,4
leaving,4
propeller,4
distinguished,4
trained,4
tasks,4
scouts,4
involved,4
skyrocket,4
crewmates,4
five,4
showed,4
helmet,4
thought,4
douglas,4
soviet,4
challenger,4
target,4
wing,4
minute,4
applied,4
above,4
alarms,4
century,4
miles,4
well,4
too,4
d,4
earlier,4
james,4
known,4
korean,4
panther,4
altitude,4
mark,4
longer,4
gear,4
korea,4
house,4
saw,4
both,4
happened,4
following,4
eight,4
rocket,4
assignment,4
department,4
damaged,4
leap,4
worked,4
realize,4
came,4
front,4
nose,4
attached,4
awarded,4
remained,4
third,4
technology,4
beyond,4
prime,4
t,4
wright,4
acted,4
aeronautics,4
congressional,4
set,4
long,4
sizemore,4
glenn,4
design,4
switch,4
h,4
selection,4
now,4
contact,4
pole,4
go,4
will,4
public,4
agena,4
end,4
couple,4
lived,4
never,4
point,4
went,4
very,4
landings,4
america,4
main,4
charles,4
gray,4
star,4
butchart,4
days,4
hero,4
conducted,4
experimental,4
hand,4
way,4
lake,4
thompson,4
science,4
died,4
sent,4
shuttle,4
earned,4
bob,4
like,4
us,4
same,3
side,3
carrying,3
large,3
hill,3
me,3
dressed,3
suits,3
how,3
assigned,3
celebrate,3
holds,3
town,3
members,3
ensign,3
knight,3
site,3
using,3
seat,3
included,3
film,3
expedition,3
simulator,3
help,3
statement,3
live,3
reserve,3
didn,3
words,3
jet,3
cable,3
action,3
duke,3
lltv,3
chrysler,3
spent,3
quote,3
clear,3
cause,3
cleveland,3
nation,3
hold,3
past,3
presented,3
best,3
runway,3
corporation,3
problems,3
gene,3
claims,3
fame,3
john,3
muslim,3
loss,3
started,3
officer,3
trophy,3
met,3
practice,3
cooper,3
led,3
field,3
develop,3
number,3
blue,3
carried,3
los,3
ocean,3
dr,3
hansen,3
so,3
stuck,3
among,3
any,3
necessary,3
six,3
international,3
talk,3
continued,3
picked,3
heart,3
young,3
richard,3
professor,3
greatest,3
high,3
four,3
political,3
east,3
association,3
wanted,3
airport,3
operations,3
months,3
companies,3
replaced,3
know,3
overflows,3
biography,3
exploration,3
though,3
arrived,3
song,3
reason,3
chairman,3
objectives,3
describing,3
parachute,3
hard,3
window,3
mankind,3
pieces,3
mph,3
hoax,3
aged,3
those,3
toward,3
times,3
activities,3
honorary,3
corps,3
got,3
roll,3
history,3
much,3
quarantine,3
interviews,3
achievement,3
men,3
further,3
religious,3
fully,3
rogers,3
say,3
faculty,3
tereshkova,3
guys,3
david,3
period,3
nine,3
through,3
nations,3
places,3
local,3
flown,3
middle,3
emergency,3
resigned,3
line,3
stage,3
application,3
suffered,3
holding,3
appearance,3
aboard,3
administrator,3
letter,3
squadron,3
promoted,3
bell,3
fraternity,3
mother,3
rate,3
views,3
docked,3
items,3
shirt,3
grumman,3
decision,3
used,3
utc,3
master,3
eventually,3
kraft,3
ii,3
jets,3
approach,3
younger,3
cm,3
million,3
speech,3
safely,3
since,3
becoming,3
freedom,3
give,3
return,3
profile,3
sea,3
valentina,3
traveled,3
attitude,3
run,3
lebanon,3
crews,3
different,3
completion,3
mars,3
opened,3
investigation,3
rcs,3
hope,3
chance,3
should,3
come,3
ranked,3
whom,3
per,3
attempted,3
take,3
school,3
near,3
having,3
giving,2
trip,2
our,2
team,2
wood,2
prevented,2
designated,2
version,2
msc,2
believed,2
praised,2
diagnosed,2
metal,2
w,2
surgery,2
always,2
successfully,2
offers,2
across,2
r,2
delivered,2
band,2
kennedy,2
legs,2
lifted,2
systems,2
massachusetts,2
recordings,2
interview,2
recalled,2
especially,2
magazine,2
collided,2
join,2
others,2
midshipman,2
hillary,2
another,2
authorized,2
changed,2
reconnaissance,2
inducted,2
knowledge,2
titled,2
caught,2
health,2
personal,2
bulky,2
must,2
pressure,2
jimmy,2
arresting,2
qualified,2
opportunity,2
boilermakers,2
superfortress,2
fourteen,2
ring,2
chaffee,2
pensacola,2
nevada,2
eaton,2
soonest,2
hospital,2
requiring,2
grant,2
indian,2
vice,2
difficult,2
available,2
why,2
regretted,2
underwent,2
behind,2
fluid,2
columbia,2
record,2
highly,2
mcdonnell,2
procedures,2
personnel,2
estimated,2
night,2
event,2
stick,2
capsule,2
word,2
fin,2
chain,2
soloed,2
late,2
reacted,2
explosion,2
stations,2
fighters,2
various,2
mit,2
my,2
aeronca,2
code,2
death,2
kranz,2
written,2
extremely,2
leave,2
academic,2
gagarin,2
talked,2
closed,2
normal,2
working,2
eject,2
table,2
pacific,2
flyer,2
added,2
shut,2
bolden,2
craft,2
universities,2
name,2
slightly,2
visited,2
authors,2
population,2
karen,2
taking,2
pale,2
call,2
struck,2
celebrated,2
woman,2
explained,2
neither,2
bombers,2
checklist,2
famous,2
hosted,2
c,2
bit,2
church,2
failed,2
groups,2
aborted,2
ones,2
west,2
sickness,2
florida,2
accepted,2
foundation,2
washington,2
elderly,2
whether,2
congress,2
redesigned,2
example,2
necktie,2
delta,2
museum,2
business,2
cut,2
required,2
fabric,2
copy,2
going,2
nor,2
angeles,2
voice,2
previous,2
able,2
serious,2
prayer,2
reluctant,2
classes,2
together,2
photographic,2
salary,2
e,2
officially,2
morrow,2
married,2
trouble,2
ejected,2
incident,2
bill,2
recluse,2
visible,2
farm,2
general,2
based,2
ladder,2
active,2
southern,2
mtv,2
straight,2
saying,2
countries,2
player,2
uniform,2
dropped,2
obscured,2
missing,2
dry,2
few,2
buckeyes,2
city,2
stopped,2
brother,2
government,2
noticed,2
cosmonaut,2
aeronautic,2
compared,2
sister,2
room,2
carol,2
possible,2
humility,2
settled,2
flags,2
planes,2
such,2
nas,2
tank,2
greeted,2
once,2
water,2
illinois,2
majority,2
meant,2
published,2
beats,2
sold,2
dozen,2
mach,2
geographical,2
sealed,2
omega,2
stephen,2
study,2
jim,2
watching,2
sabre,2
chuck,2
engagement,2
increased,2
texas,2
building,2
thirty,2
capcom,2
dignitaries,2
parted,2
total,2
speed,2
responded,2
related,2
grissom,2
gloves,2
usc,2
evening,2
experience,2
rest,2
ask,2
foreground,2
turn,2
dean,2
talking,2
rotation,2
horizontally,2
transport,2
spinning,2
titan,2
chosen,2
ranch,2
chair,2
complex,2
tranquility,2
veterans,2
elliot,2
proceeds,2
occurred,2
increase,2
vehicles,2
place,2
watched,2
combat,2
documentary,2
do,2
paid,2
cutting,2
performed,2
roger,2
san,2
kappa,2
dana,2
anders,2
requests,2
grade,2
full,2
stop,2
converted,2
schools,2
intended,2
recommendations,2
advertising,2
file,2
want,2
forced,2
carpenter,2
bush,2
none,2
modified,2
chaikin,2
upon,2
taught,2
mercury,2
charity,2
technical,2
crash,2
show,2
peter,2
destroyed,2
collection,2
recovering,2
find,2
carter,2
cortright,2
looking,2
heavy,2
noted,2
beige,2
pete,2
seattle,2
created,2
rings,2
union,2
private,2
starting,2
home,2
language,2
advanced,2
oams,2
recording,2
interested,2
sitting,2
thinking,2
widely,2
dick,2
picture,2
hornet,2
orange,2
supporting,2
recovery,2
think,2
yuri,2
tanks,2
letters,2
york,2
crater,2
story,2
hydraulic,2
mike,2
chi,2
career,2
milt,2
figure,2
media,2
holloway,2
gilruth,2
lockheed,2
presenting,2
rod,2
real,2
thermostat,2
developed,2
finger,2
true,2
appointed,2
graduation,2
surprised,2
son,2
advisory,2
shortly,2
growth,2
strong,2
businesses,2
directors,2
insisted,2
seen,2
appeared,2
floats,2
rescue,2
club,2
nearly,2
alpha,2
propulsion,2
radio,2
accomplishment,2
killed,2
process,2
future,2
tuition,2
sought,2
act,2
sixth,2
camera,2
passing,2
onto,2
arpa,2
looks,2
est,2
legal,2
lieutenant,2
phantom,2
liftoff,2
ship,2
whose,2
lasted,2
wrong,2
bombing,2
casket,2
reagan,2
power,2
chaired,2
make,2
leading,2
entire,2
slowed,2
initial,2
applicants,2
says,2
orbits,2
justice,2
islam,2
determined,2
package,2
skin,2
felt,2
outstanding,2
andrew,2
investigating,2
silver,2
lafayette,2
medical,2
hatches,1
learjet,1
terminated,1
child,1
crust,1
tried,1
accident,1
taft,1
speaks,1
tree,1
fall,1
roomy,1
leanings,1
jamboree,1
parentheses,1
door,1
commanded,1
summit,1
knoxville,1
corpus,1
koenig,1
thomas,1
division,1
myth,1
rights,1
sportcoat,1
prince,1
performance,1
examinations,1
hearing,1
courage,1
gathered,1
figured,1
divorced,1
collected,1
competing,1
wheels,1
traditional,1
walking,1
professorship,1
steve,1
overshadowed,1
tracking,1
official,1
climbed,1
windmilling,1
consultant,1
grew,1
resolved,1
majoring,1
ft,1
visiting,1
lost,1
jack,1
hashtag,1
advised,1
previously,1
parasev,1
pile,1
b,1
re,1
ascent,1
truck,1
barbers,1
learned,1
barack,1
connected,1
applications,1
fits,1
bending,1
towns,1
destruction,1
evaluate,1
vertebrae,1
programmer,1
conceded,1
shoulder,1
education,1
gates,1
probes,1
determine,1
duties,1
participation,1
thesis,1
idaho,1
quantum,1
seated,1
photograph,1
tall,1
sixteenth,1
read,1
cremated,1
stan,1
slipped,1
attendance,1
cope,1
view,1
replacing,1
arose,1
augmented,1
threatening,1
deck,1
reused,1
activate,1
forgeries,1
almost,1
born,1
tire,1
sliver,1
elementary,1
credentials,1
courses,1
sequence,1
dress,1
favoritism,1
ports,1
acquired,1
scattered,1
inn,1
expert,1
deemed,1
deke,1
ancestry,1
acting,1
brand,1
carriage,1
indistinct,1
suara,1
heroes,1
adult,1
equivalent,1
manned,1
gus,1
location,1
gas,1
services,1
buno,1
deadline,1
musicals,1
thayer,1
identification,1
thanked,1
folklore,1
processing,1
circuit,1
semester,1
johnson,1
dwarves,1
medals,1
pat,1
tough,1
slower,1
calls,1
adaptation,1
evidence,1
reading,1
digit,1
plimpton,1
frontier,1
grief,1
associate,1
pointless,1
blog,1
vietnam,1
viola,1
posthumous,1
canceled,1
discussing,1
finish,1
mechanical,1
afb,1
tin,1
peace,1
experienced,1
newspaper,1
degrees,1
recommending,1
seem,1
justify,1
trail,1
arriving,1
except,1
pipers,1
cards,1
proposed,1
breakfast,1
studied,1
weakened,1
aileron,1
stem,1
simulation,1
lawsuit,1
mm,1
outlets,1
phi,1
forwarded,1
helicopter,1
crosswind,1
stratotanker,1
speculation,1
chest,1
promptly,1
boards,1
someday,1
trimotor,1
billion,1
involve,1
krall,1
platform,1
weeks,1
transcript,1
stadium,1
desert,1
publication,1
subsequent,1
langholm,1
dryden,1
initiated,1
cost,1
plinth,1
damaging,1
armed,1
banana,1
brought,1
little,1
studying,1
commissioned,1
skepticism,1
below,1
oceanographic,1
german,1
auditor,1
preparing,1
guy,1
consulates,1
hallmark,1
officers,1
listenings,1
december,1
declined,1
post,1
understand,1
delayed,1
occasionally,1
might,1
confirmed,1
disappointed,1
proudly,1
limits,1
followed,1
edo,1
laboratory,1
investigated,1
wingtip,1
release,1
essential,1
partly,1
modern,1
congregational,1
cambridge,1
agency,1
prayers,1
retrieve,1
preferring,1
student,1
ambassadors,1
lyndon,1
rolling,1
dictated,1
engineless,1
awards,1
chief,1
relieve,1
thing,1
similar,1
permission,1
moored,1
brazil,1
tumor,1
remembered,1
stated,1
discussed,1
suhaemi,1
memoirs,1
bargaining,1
seemingly,1
aero,1
list,1
names,1
belief,1
famously,1
flames,1
discovered,1
stands,1
wear,1
aspirations,1
management,1
relatively,1
komarov,1
municipal,1
atlantic,1
telephone,1
starfighter,1
pledged,1
recently,1
leg,1
pleasure,1
congratulation,1
concluded,1
triggering,1
additional,1
christmas,1
jumped,1
wonsan,1
likely,1
village,1
unknown,1
affair,1
abdomen,1
stafford,1
cape,1
blume,1
invitation,1
thick,1
touched,1
possibly,1
fetched,1
extend,1
escort,1
pulled,1
annual,1
ended,1
realized,1
briefings,1
distance,1
jakarta,1
limit,1
farmer,1
electric,1
stint,1
engaged,1
depressed,1
zone,1
planting,1
smithsonian,1
clan,1
hinterlands,1
guarani,1
reached,1
cathedral,1
extensive,1
weight,1
songs,1
audio,1
appearances,1
automotive,1
quit,1
psi,1
westwood,1
okay,1
tip,1
declared,1
tearing,1
circulated,1
extravehicular,1
draft,1
linguists,1
wilmette,1
recalling,1
exam,1
pushed,1
boot,1
severed,1
longest,1
solo,1
communications,1
regular,1
unable,1
serve,1
races,1
fellows,1
proceeded,1
teacher,1
probably,1
nikolayev,1
model,1
splashed,1
yellow,1
simulations,1
await,1
addition,1
sixteen,1
teach,1
gliders,1
images,1
explorers,1
wide,1
henceforth,1
aretz,1
request,1
agnew,1
hear,1
voodoo,1
baritone,1
dedicated,1
yacht,1
behalf,1
miss,1
law,1
anyone,1
fellow,1
requested,1
cancel,1
grace,1
bony,1
storage,1
turbofan,1
reclusiveness,1
remember,1
variants,1
parties,1
sum,1
spun,1
blocked,1
hometown,1
thruster,1
hills,1
marching,1
bar,1
paraglider,1
brooks,1
steps,1
backwards,1
music,1
crowded,1
support,1
trees,1
thunderchief,1
airframe,1
saved,1
honors,1
mechanics,1
court,1
approached,1
recipient,1
bassett,1
degrade,1
ice,1
gravity,1
syllable,1
prior,1
deserved,1
shearon,1
thrusters,1
rising,1
touchdown,1
nature,1
buildings,1
primary,1
poses,1
rock,1
facing,1
lifetime,1
absorbed,1
collar,1
cardwell,1
empty,1
glad,1
feel,1
supposed,1
goodwill,1
living,1
celebrations,1
attend,1
engineer,1
catalyze,1
bedsteads,1
chip,1
containing,1
agreed,1
worldwide,1
partially,1
esquire,1
stenciled,1
broken,1
development,1
achieved,1
assignments,1
established,1
vase,1
alarm,1
distress,1
curious,1
ticker,1
christi,1
quarterback,1
ussr,1
permanent,1
visor,1
bunch,1
designed,1
survive,1
rookie,1
inside,1
correspondence,1
blowout,1
raise,1
glue,1
funeral,1
rv,1
fifth,1
selflessly,1
expected,1
anyway,1
ventral,1
collective,1
demoss,1
westerner,1
fast,1
game,1
can,1
indefinite,1
present,1
activity,1
safer,1
technician,1
delamar,1
range,1
move,1
retreated,1
voiced,1
deaths,1
odyssey,1
biographies,1
payload,1
swapped,1
ail,1
viewed,1
instant,1
alberto,1
recovered,1
feted,1
gives,1
alden,1
castle,1
arm,1
causing,1
donations,1
execute,1
disputed,1
positions,1
beltway,1
ignited,1
fasron,1
capable,1
liberman,1
surfaced,1
put,1
crewmate,1
highest,1
knowledgeable,1
popular,1
destinies,1
ahead,1
provoking,1
ignition,1
torn,1
andriyan,1
conceived,1
dubbed,1
packed,1
unsure,1
lyrics,1
convair,1
trap,1
stature,1
wives,1
loudest,1
cullum,1
strung,1
harvested,1
economics,1
resigning,1
actually,1
biographer,1
forgotten,1
moving,1
amount,1
darkly,1
length,1
hose,1
cabin,1
adzan,1
fell,1
sullivan,1
exceptional,1
ecstatic,1
indeterminate,1
airspeed,1
singer,1
grandest,1
pioneering,1
nausea,1
wheel,1
receive,1
testing,1
dried,1
survey,1
citizens,1
children,1
rode,1
wreckage,1
sorority,1
bypass,1
graduate,1
however,1
shann,1
ensure,1
merger,1
maneuvering,1
sport,1
booby,1
philippine,1
sons,1
wetsuits,1
capability,1
resonant,1
black,1
wedding,1
aspen,1
challenge,1
comparable,1
blown,1
inspect,1
stabilize,1
transmission,1
georgetown,1
aerobatics,1
soyuz,1
love,1
avoid,1
themselves,1
canopies,1
concerned,1
occasions,1
chairing,1
gema,1
motion,1
explore,1
reenter,1
chased,1
dragged,1
deputy,1
guarded,1
respectable,1
damien,1
someone,1
tournament,1
burst,1
flotation,1
shutdown,1
cherry,1
senior,1
bail,1
autobiography,1
sued,1
major,1
trailer,1
rules,1
contributed,1
tasked,1
lack,1
dwight,1
dart,1
helping,1
instead,1
moscow,1
streets,1
lapel,1
wire,1
inform,1
tribute,1
rank,1
running,1
vostok,1
infections,1
sound,1
driven,1
duty,1
ejecting,1
soon,1
selections,1
graduated,1
replied,1
programs,1
medium,1
remains,1
malaysia,1
broadcasting,1
models,1
backpack,1
secret,1
precise,1
scottish,1
jpl,1
colonel,1
papers,1
paine,1
edmund,1
courtship,1
michener,1
communicator,1
manufacturing,1
retirement,1
drinking,1
jr,1
sliced,1
slow,1
practitioners,1
favoring,1
diego,1
offered,1
premier,1
kosygin,1
ltd,1
skills,1
airstream,1
nearby,1
cassini,1
edt,1
temperature,1
everything,1
boxes,1
saving,1
demonstrate,1
circumventing,1
organized,1
autographs,1
anchor,1
microphone,1
embassies,1
simulated,1
lot,1
primarily,1
helped,1
largely,1
accomplished,1
protocol,1
impressive,1
mistake,1
rather,1
legacy,1
depicts,1
simple,1
parades,1
schmitt,1
revue,1
confusion,1
belly,1
nicknamed,1
bulan,1
error,1
supersonic,1
unrepealed,1
eyes,1
break,1
concerns,1
replace,1
propellant,1
trainer,1
moment,1
defense,1
advertisements,1
joshua,1
reaction,1
circling,1
district,1
describes,1
ed,1
brain,1
prepared,1
buffalo,1
lessons,1
headset,1
week,1
choosing,1
skids,1
geologists,1
animated,1
sending,1
option,1
cross,1
log,1
ballooned,1
lowest,1
unless,1
laughter,1
watery,1
dinner,1
prompted,1
driver,1
tracks,1
canceling,1
cnn,1
raised,1
bureaucracy,1
correct,1
proclamation,1
manual,1
tended,1
pay,1
practiced,1
rare,1
scotch,1
limitations,1
diana,1
antelope,1
contacts,1
finally,1
wooden,1
annoyed,1
drawbridge,1
modesty,1
exact,1
incidents,1
hitting,1
fragments,1
eisenhower,1
secondly,1
moments,1
continues,1
pure,1
percent,1
fossett,1
burgh,1
decades,1
scotland,1
geologist,1
refused,1
wiring,1
robbing,1
chazelle,1
ambrose,1
reported,1
vladimir,1
issuing,1
memorabilia,1
administration,1
draped,1
hawaii,1
closely,1
helmets,1
yards,1
undisclosed,1
twitter,1
confident,1
grassy,1
academy,1
collaborations,1
employee,1
attacking,1
transportation,1
snj,1
complications,1
renamed,1
fleet,1
commanding,1
grainy,1
hasselblad,1
boosters,1
hesitation,1
mater,1
climb,1
operate,1
covering,1
manufactured,1
glenview,1
snow,1
smith,1
institution,1
ogv,1
hypersonic,1
youngest,1
static,1
marriage,1
obama,1
argument,1
dunn,1
humble,1
outer,1
rejoining,1
great,1
glass,1
opposed,1
variety,1
seal,1
easier,1
assisted,1
maintained,1
misjudged,1
noisier,1
quest,1
barber,1
looked,1
tailhook,1
goose,1
exploits,1
prone,1
findings,1
river,1
ten,1
material,1
netherlands,1
jewish,1
defeated,1
formal,1
coronary,1
yes,1
rotating,1
v,1
television,1
color,1
buckled,1
consideration,1
controllers,1
role,1
irises,1
reports,1
less,1
adventure,1
freeman,1
covers,1
citing,1
indiana,1
harness,1
criticism,1
western,1
opinion,1
doctorates,1
haise,1
greater,1
friends,1
culminating,1
treaty,1
dropping,1
push,1
grades,1
educational,1
turning,1
unnecessary,1
shown,1
creator,1
class,1
alma,1
claimed,1
ronald,1
songjin,1
lesson,1
ares,1
financial,1
task,1
malfunction,1
touches,1
dangerous,1
stratojet,1
fact,1
naturally,1
uncrewed,1
valley,1
acoustic,1
perversions,1
important,1
phone,1
chris,1
committed,1
junior,1
langley,1
flowers,1
background,1
interviewed,1
shooting,1
panel,1
saturn,1
heading,1
here,1
playing,1
warren,1
society,1
willing,1
similarity,1
patrick,1
alford,1
officials,1
data,1
given,1
suiting,1
enough,1
repeated,1
suggested,1
robert,1
arteries,1
craters,1
seemed,1
diamonds,1
placing,1
fair,1
attendees,1
combined,1
quite,1
friendly,1
illness,1
safe,1
host,1
recommended,1
cities,1
track,1
recipients,1
chatted,1
income,1
boots,1
torque,1
threatened,1
basis,1
putting,1
salvaged,1
delays,1
echelon,1
huckstering,1
ranged,1
depressurized,1
digital,1
republic,1
approximately,1
serves,1
choice,1
uniforms,1
helicopters,1
easily,1
often,1
methods,1
smoke,1
postponed,1
leeway,1
grader,1
f,1
message,1
ineligible,1
arrival,1
garb,1
dreams,1
louisville,1
retract,1
epaulettes,1
lab,1
yet,1
mourn,1
vessel,1
sale,1
starring,1
auctions,1
amusing,1
epigram,1
treatment,1
hoses,1
tie,1
engel,1
regain,1
collect,1
harrison,1
joanne,1
island,1
existed,1
acknowledged,1
consists,1
presence,1
participant,1
bouffant,1
wait,1
offering,1
managers,1
reflective,1
communication,1
enjoyed,1
news,1
autograph,1
commemorating,1
chances,1
ysidro,1
despite,1
periods,1
reveals,1
botched,1
undocked,1
purpose,1
dairy,1
hosting,1
cabot,1
theta,1
exit,1
character,1
brings,1
solve,1
improved,1
comment,1
pants,1
round,1
troop,1
case,1
students,1
circumstances,1
reattached,1
gilbert,1
skylancer,1
airlines,1
beaver,1
chamber,1
recommendation,1
reservist,1
indicated,1
uncle,1
license,1
chose,1
inaudible,1
husband,1
breathing,1
super,1
reentry,1
faring,1
squad,1
responses,1
jeep,1
hauled,1
showing,1
likeness,1
adaptive,1
generally,1
sponge,1
try,1
paraguay,1
geological,1
historian,1
ride,1
stars,1
sufficient,1
things,1
brisk,1
peaked,1
gpa,1
bbc,1
ego,1
allotted,1
aspects,1
retired,1
bearcat,1
books,1
tom,1
hague,1
walt,1
goddard,1
breaker,1
airfield,1
drop,1
bed,1
limited,1
releases,1
height,1
quarters,1
humankind,1
edgar,1
superseded,1
poland,1
needed,1
scientific,1
cars,1
flagpole,1
sunglasses,1
joining,1
rig,1
fewer,1
subsidiary,1
bottom,1
surgeons,1
rough,1
indicating,1
institute,1
sat,1
age,1
reclining,1
raising,1
airplane,1
panthers,1
unofficially,1
planted,1
ryan,1
change,1
chicago,1
victorian,1
gauge,1
cap,1
elated,1
chronology,1
governors,1
football,1
canopy,1
cunningham,1
biting,1
wink,1
territory,1
sylvanus,1
leningrad,1
logo,1
golf,1
senator,1
accompanied,1
directed,1
chase,1
parade,1
don,1
build,1
believing,1
ornament,1
stepped,1
cells,1
kentucky,1
stationed,1
collector,1
dramatically,1
freely,1
shadow,1
launching,1
recognized,1
tower,1
ready,1
country,1
reserves,1
hang,1
rains,1
messages,1
barleycorn,1
voyage,1
funding,1
detailed,1
unsafe,1
planners,1
illuminated,1
breeze,1
uso,1
william,1
spelled,1
policeman,1
deist,1
signed,1
informed,1
remind,1
average,1
drilling,1
progressively,1
load,1
eric,1
lifting,1
gosling,1
rebroadcast,1
commanders,1
badges,1
relief,1
unveiled,1
himself,1
collier,1
ignored,1
poorly,1
core,1
wavy,1
signing,1
signal,1
controls,1
birthday,1
unsuitable,1
employees,1
victims,1
nuclear,1
colorado,1
absorbing,1
something,1
inwards,1
scenarios,1
trying,1
worth,1
careers,1
top,1
rigs,1
stories,1
separated,1
fighter,1
burn,1
executive,1
telephoned,1
competence,1
congratulating,1
sang,1
fred,1
coat,1
painful,1
job,1
latch,1
quadrennial,1
thiokol,1
mountains,1
taken,1
ejection,1
wings,1
mild,1
dispute,1
distinction,1
terribly,1
attack,1
opposing,1
experiment,1
look,1
unfounded,1
recent,1
doctors,1
experiencing,1
leader,1
facilities,1
hoped,1
sail,1
alamitos,1
representatives,1
certificate,1
subject,1
waggled,1
constellation,1
offer,1
party,1
restricted,1
o,1
di,1
egypt,1
doing,1
advice,1
rests,1
extended,1
amid,1
approved,1
produced,1
orbited,1
preparation,1
panels,1
tupolev,1
single,1
objective,1
elizabeth,1
lewis,1
colleagues,1
video,1
brothers,1
reflected,1
concern,1
scholars,1
disney,1
pneumonia,1
releasing,1
disintegrated,1
reportedly,1
ought,1
contingency,1
wall,1
adhan,1
supported,1
director,1
egelloc,1
maneuver,1
residence,1
completely,1
nearer,1
bubble,1
acceptance,1
sheared,1
remarkable,1
commissions,1
diseases,1
asteroid,1
adding,1
injury,1
pause,1
methodist,1
keep,1
chronicled,1
malignant,1
oxygen,1
beside,1
thanks,1
burial,1
assembled,1
professional,1
walter,1
projects,1
pinning,1
widow,1
eulogy,1
repeatedly,1
tape,1
deteriorated,1
cosmonauts,1
exploring,1
independent,1
cruise,1
louise,1
tongue,1
online,1
skiing,1
ability,1
solid,1
intermittent,1
conversion,1
against,1
girlfriend,1
thumb,1
apart,1
criticisms,1
provide,1
signatures,1
lead,1
equipment,1
mind,1
persuasive,1
bankers,1
certainly,1
indonesian,1
plaque,1
elite,1
affiliation,1
faster,1
ambassador,1
gallon,1
ever,1
alexei,1
technically,1
sounded,1
crinkly,1
australian,1
roommate,1
grain,1
happily,1
handshake,1
pen,1
soundly,1
